[
    {
        "name": "Education Dashboard",
        "category": "Html templates",
        "technology": "Angular",
        "id": 194556,
        "description": "Start developing with an open-source library of over 450+ UI components, sections, and pages built with the utility classes from Tailwind CSS and designed in Figma.",
        "price": "$149",
        "discount": "No"
    },
    {
        "name": "React UI Kit",
        "category": "Html templates",
        "technology": "React JS",
        "id": 623232,
        "description": "Start developing with an open-source library of over 450+ UI components, sections, and pages built with the utility classes from Tailwind CSS and designed in Figma.",
        "price": "$129",
        "discount": "10%"
    },
    {
        "name": "Education Dashboard",
        "category": "Html templates",
        "technology": "Angular",
        "id": 194356,
        "description": "Start developing with an open-source library of over 450+ UI components, sections, and pages built with the utility classes from Tailwind CSS and designed in Figma.",
        "price": "$149",
        "discount": "No"
    },
    {
        "name": "React UI Kit",
        "category": "Html templates",
        "technology": "React JS",
        "id": 323323,
        "description": "Start developing with an open-source library of over 450+ UI components, sections, and pages built with the utility classes from Tailwind CSS and designed in Figma.",
        "price": "$129",
        "discount": "No"
    },
    {
        "name": "Education Dashboard",
        "category": "Html templates",
        "technology": "Angular",
        "id": 994856,
        "description": "Start developing with an open-source library of over 450+ UI components, sections, and pages built with the utility classes from Tailwind CSS and designed in Figma.",
        "price": "$149",
        "discount": "25%"
    },
    {
        "name": "Education Dashboard",
        "category": "Html templates",
        "technology": "Angular",
        "id": 194256,
        "description": "Start developing with an open-source library of over 450+ UI components, sections, and pages built with the utility classes from Tailwind CSS and designed in Figma.",
        "price": "$149",
        "discount": "10%"
    },
    {
        "name": "React UI Kit",
        "category": "Html templates",
        "technology": "React JS",
        "id": 623378,
        "description": "Start developing with an open-source library of over 450+ UI components, sections, and pages built with the utility classes from Tailwind CSS and designed in Figma.",
        "price": "$129",
        "discount": "No"
    },
    {
        "name": "Education Dashboard",
        "category": "Html templates",
        "technology": "Angular",
        "id": 192856,
        "description": "Start developing with an open-source library of over 450+ UI components, sections, and pages built with the utility classes from Tailwind CSS and designed in Figma.",
        "price": "$149",
        "discount": "No"
    },
    {
        "name": "React UI Kit",
        "category": "Html templates",
        "technology": "React JS",
        "id": 523323,
        "description": "Start developing with an open-source library of over 450+ UI components, sections, and pages built with the utility classes from Tailwind CSS and designed in Figma.",
        "price": "$129",
        "discount": "No"
    },
    {
        "name": "Education Dashboard",
        "category": "Html templates",
        "technology": "Angular",
        "id": 191857,
        "description": "Start developing with an open-source library of over 450+ UI components, sections, and pages built with the utility classes from Tailwind CSS and designed in Figma.",
        "price": "$149",
        "discount": "No"
    },
    {
        "name": "Education Dashboard",
        "category": "Html templates",
        "technology": "Angular",
        "id": 914856,
        "description": "Start developing with an open-source library of over 450+ UI components, sections, and pages built with the utility classes from Tailwind CSS and designed in Figma.",
        "price": "$149",
        "discount": "30%"
    },
    {
        "name": "React UI Kit",
        "category": "Html templates",
        "technology": "React JS",
        "id": 633293,
        "description": "Start developing with an open-source library of over 450+ UI components, sections, and pages built with the utility classes from Tailwind CSS and designed in Figma.",
        "price": "$129",
        "discount": "No"
    },
    {
        "name": "Education Dashboard",
        "category": "Html templates",
        "technology": "Angular",
        "id": 194556,
        "description": "Start developing with an open-source library of over 450+ UI components, sections, and pages built with the utility classes from Tailwind CSS and designed in Figma.",
        "price": "$149",
        "discount": "No"
    },
    {
        "name": "React UI Kit",
        "category": "Html templates",
        "technology": "React JS",
        "id": 623232,
        "description": "Start developing with an open-source library of over 450+ UI components, sections, and pages built with the utility classes from Tailwind CSS and designed in Figma.",
        "price": "$129",
        "discount": "No"
    },
    {
        "name": "Education Dashboard",
        "category": "Html templates",
        "technology": "Angular",
        "id": 194356,
        "description": "Start developing with an open-source library of over 450+ UI components, sections, and pages built with the utility classes from Tailwind CSS and designed in Figma.",
        "price": "$149",
        "discount": "5%"
    },
    {
        "name": "React UI Kit",
        "category": "Html templates",
        "technology": "React JS",
        "id": 323323,
        "description": "Start developing with an open-source library of over 450+ UI components, sections, and pages built with the utility classes from Tailwind CSS and designed in Figma.",
        "price": "$129",
        "discount": "No"
    },
    {
        "name": "Education Dashboard",
        "category": "Html templates",
        "technology": "Angular",
        "id": 994856,
        "description": "Start developing with an open-source library of over 450+ UI components, sections, and pages built with the utility classes from Tailwind CSS and designed in Figma.",
        "price": "$149",
        "discount": "No"
    },
    {
        "name": "Education Dashboard",
        "category": "Html templates",
        "technology": "Angular",
        "id": 194256,
        "description": "Start developing with an open-source library of over 450+ UI components, sections, and pages built with the utility classes from Tailwind CSS and designed in Figma.",
        "price": "$149",
        "discount": "No"
    },
    {
        "name": "React UI Kit",
        "category": "Html templates",
        "technology": "React JS",
        "id": 623378,
        "description": "Start developing with an open-source library of over 450+ UI components, sections, and pages built with the utility classes from Tailwind CSS and designed in Figma.",
        "price": "$129",
        "discount": "50%"
    },
    {
        "name": "Education Dashboard",
        "category": "Html templates",
        "technology": "Angular",
        "id": 192856,
        "description": "Start developing with an open-source library of over 450+ UI components, sections, and pages built with the utility classes from Tailwind CSS and designed in Figma.",
        "price": "$149",
        "discount": "No"
    },
    {
        "name": "React UI Kit",
        "category": "Html templates",
        "technology": "React JS",
        "id": 523323,
        "description": "Start developing with an open-source library of over 450+ UI components, sections, and pages built with the utility classes from Tailwind CSS and designed in Figma.",
        "price": "$129",
        "discount": "No"
    },
    {
        "name": "Education Dashboard",
        "category": "Html templates",
        "technology": "Angular",
        "id": 191857,
        "description": "Start developing with an open-source library of over 450+ UI components, sections, and pages built with the utility classes from Tailwind CSS and designed in Figma.",
        "price": "$149",
        "discount": "10%"
    },
    {
        "name": "Education Dashboard",
        "category": "Html templates",
        "technology": "Angular",
        "id": 914856,
        "description": "Start developing with an open-source library of over 450+ UI components, sections, and pages built with the utility classes from Tailwind CSS and designed in Figma.",
        "price": "$149",
        "discount": "No"
    },
    {
        "name": "React UI Kit",
        "category": "Html templates",
        "technology": "React JS",
        "id": 633293,
        "description": "Start developing with an open-source library of over 450+ UI components, sections, and pages built with the utility classes from Tailwind CSS and designed in Figma.",
        "price": "$129",
        "discount": "No"
    }
]